name,address
아우어베이커리,서울 용산구 한강대로23길 55
아우어베이커리,서울 강남구 강남대로162길 39
아우어베이커리,서울 강남구 도산대로45길 10-11
아우어베이커리,서울 영등포구 경인로 846
아우어베이커리,서울 중구 세종대로 14
아우어베이커리,서울 종로구 새문안로2길 10
아우어베이커리,서울 송파구 올림픽로 240
아우어베이커리,서울 구로구 경인로43길 49
아우어베이커리,서울 강남구 선릉로 629
아우어베이커리,서울 강남구 압구정로79길 19
아우어베이커리,서울 용산구 한남대로 91
아우어베이커리,서울 강남구 언주로85길 29
아우어베이커리,서울 강남구 언주로167길 21
도산분식,서울 강남구 도산대로49길 10-6
도산분식,서울 강남구 도산대로50길 37
도산분식,서울 강남구 도산대로89길 9
나이스웨더,서울 영등포구 여의대로 108
나이스웨더,서울 강남구 강남대로162길 35
나이스웨더,서울 강동구 천호대로 1005
나이스웨더,서울 양천구 목동동로 257
나이스웨더,서울 강남구 테헤란로 517
대막후토마키,서울 강남구 압구정로46길 75
호랑이식당,서울 용산구 한강대로23길 55
호랑이식당,서울 강남구 봉은사로4길 20
형훈톈동,서울 강남구 압구정로46길 75
스몰디쉬빅쇼,서울 강남구 강남대로162길 41-20
더블트러블,서울 강남구 압구정로4길 27-2
신사치킨클럽,서울 강남구 강남대로162길 40
아우어커피,서울 강남구 봉은사로4길 20
무궁화덮밥,서울 강남구 봉은사로37길 7-6
땡스피자,서울 서초구 잠원로 112
